90.8723522854,30.8858957383,113.9381313131,59.5514162071,113.6579108125,52.9460048721,66.9324155194,59.0231107071,1
90.774252593,31.137931188,113.6558171745,59.6620441824,113.2672010688,53.1161815005,67.389993146,59.9904784192,1
90.5332437878,31.4755611534,113.6836501901,59.280017334,113.2285298399,53.2299688058,66.4484574868,58.9656562969,1
90.984570169,31.5152095347,113.8527454243,59.5891572954,113.0499603489,53.6744220137,66.1899256813,58.3422539314,1
90.7759764186,31.037143422,114.0366666667,59.4680753757,113.0508339952,53.6864129419,66.1899256813,58.3422539314,1
91.3324630113,31.9615058821,114.4134520277,59.8096153315,112.9392523364,54.1644005877,65.7055937193,58.4142399839,1
91.248549323,32.5045023339,114.5745856354,59.7539634643,112.9183040331,54.3198287104,65.8599562363,58.4402861032,1
91.7224242424,34.5609244256,115.4053295933,61.1417071948,113.2113402062,55.3217549652,67.8291666667,59.8542905208,1
91.7208737864,34.5818608271,115.4053295933,61.1417071948,113.2361290323,55.3531278178,67.8291666667,59.8542905208,1
92.3399209486,35.0370836932,115.4347158218,61.0654250568,112.9985974755,55.9402481089,68.2435312024,60.935240658,1
92.4686248331,35.1248871007,115.691588785,61.2624573711,113.1008522727,56.2446189281,68.649691358,61.1116095931,1
92.6024590164,35.3365032778,115.9057507987,61.6132874255,113.0872093023,56.493063572,69.0727848101,61.4818159273,1
91.8257142857,34.8337426139,116.2667785235,61.3258239371,113.2234042553,56.964343345,69.4093178037,61.1920588496,1
91.3481481481,34.3824068962,116.5538194444,61.1446419759,112.863422292,56.8462234495,68.7577854671,60.0102945316,1
91.5486862442,34.9267331257,116.5797101449,61.8396490693,112.7944535073,57.5455291928,68.9315315315,60.6369108028,1
92.0237341772,35.0325491505,116.2828096118,61.9551106073,112.1262458472,57.4674312691,68.4319852941,60.6064553725,1
92.4093178037,35.463775613,114.9373776908,62.0641356945,110.5696864111,57.3728667636,68.2912621359,61.7058526701,1
90.1870967742,32.9617152499,111.1924528302,60.8495572891,107.66,57.5424284043,68.5977859779,65.0384262991,1
94.8719806763,33.0732138715,111.7564370216,58.6619103905,109.7498416719,53.7870698566,64.1274982771,59.3197680486,1
94.5279655808,33.0155527371,111.9801980198,58.6179190031,109.8053949904,53.9855355082,64.170287316,59.198060657,1
94.83514377,33.3268973593,112.1899482631,58.9113617769,109.9364548495,54.2653764298,64.4795021962,59.6028149795,1
95.2260509993,33.8239844851,111.8922585794,59.0984708239,108.2543103448,53.2837501251,62.66851705,58.471798174,1
95.2096551724,33.8298813521,111.8922585794,59.0984708239,108.3012221423,53.2741562205,62.66851705,58.471798174,1
95.314937454,33.8878947259,112.6703862661,58.9847687354,108.6211656442,53.7814172401,63.8432708688,59.4590260322,1
94.8705972435,33.4835006675,112.5837063563,58.1586092921,108.6324582339,53.7650254346,63.8932384342,59.5074772404,1
94.8171875,33.684394823,111.9935956084,57.9600688739,108.017828201,53.3942372996,63.2775250227,58.7286007713,1
94.7085987261,32.8737372567,111.7544022243,57.8517801597,108.0930041152,53.388154622,63.0598526703,58.5098652932,1
94.6948207171,32.8832065343,111.7544022243,57.8517801597,108.1103789127,53.406704819,63.0598526703,58.5098652932,1
94.697188755,32.7584667024,112.0018691589,57.6657788691,108.268879668,53.4386908413,63.031510658,58.6110230172,1
94.3952464789,32.3634119825,111.5680655067,57.9737854467,108.407136322,53.8646929424,63.0354969574,58.712122636,1
95.9350057013,34.2078177487,114.576819407,58.6476885854,109.7581775701,54.5192984648,64.7446236559,57.6906782142,1
95.9196538937,34.5913058359,114.2602339181,57.997298767,108.880952381,54.5328037038,64.7529069767,58.1317668502,1
94.9869186047,34.586991822,112.8720136519,58.5419746881,107.2345323741,54.4687194401,63.747440273,57.5320451017,1
93.2915980231,30.5825748307,110.7471698113,56.8734132394,106.4805194805,52.9187346566,61.2438563327,55.9246986049,1
93.8391472868,31.9181259172,108.1648106904,56.7392308789,103.355679702,52.7558775561,59.6771300448,55.5946150796,1
94.6442105263,32.5311469074,107.9247572816,56.5517347874,102.474,51.8446653379,58.2640586797,53.850819057,1
97.6470588235,35.9909975287,108.426056338,57.9244118665,99.115902965,51.091325034,62.164874552,57.2389951474,1
97.8401253918,35.9304817457,106.7083333333,56.2901217741,96.7464387464,49.6794979424,60.6923076923,57.6345043761,1
97.5792880259,35.8911202946,106.08203125,55.2379539096,94.8454810496,47.8919705893,59.5,55.5017159752,1
97.3470319635,34.9101668782,104.5760869565,56.1247123931,104.66,48.5766857659,62.3259668508,58.3323383846,1
97.087962963,34.5743514912,105.0109289617,55.9678859002,103.8686868687,47.7308629936,62.3259668508,58.3323383846,1
89.8437102922,30.8680385228,106.7443502825,55.2384753862,105.9644322845,49.6411620832,57.6403385049,53.142850922,1
88.7380952381,28.8873048144,106.9796215429,55.3335751038,106.1773962804,49.3121209112,57.8355167394,53.4491339275,1
89.1190108192,29.415370872,104.8858603066,54.3271268943,104.2010050251,48.3582367438,57.1292517007,54.6543899574,1
90.398989899,33.1857703318,104.6666666667,55.6193939922,102.4477211796,47.4069776474,59.1270718232,56.1443028969,1
90.7151898734,31.3558772017,115.9785714286,58.6039330539,108.3661971831,48.1880820508,67.1605839416,60.8704779734,1
92.9302325581,33.074308174,111.2882882883,54.0175792853,105.8782608696,46.299243646,65.2752293578,59.9201106612,1
89.277992278,27.730500092,111.5560344828,55.7870516876,104.5572519084,51.5586319034,61.3220338983,55.2376807887,1
91.1554404145,29.2147078428,112.7023809524,55.7712760516,102.8737373737,52.0003808958,64.3294797688,58.6187949329,1
91.3684210526,33.5379500043,125.0612244898,63.9969413055,121.5217391304,50.8897953085,75.0576923077,71.3308686716,1
99.1428571429,35.7757404395,119.0932835821,57.0514518995,115.1241134752,47.5558893307,61.1355311355,61.1795527547,1
102.8895027624,36.881607662,119.1690140845,57.9607652423,113.5987261146,49.9623883852,65.2380952381,65.2095870976,1
102.7422680412,31.286925681,126.4722222222,59.4528226183,132.1780821918,48.1804093837,74.9605263158,68.5715993054,1
97.2608695652,23.2523348829,141.3870967742,59.9724008671,141.2666666667,43.6691602341,81.3939393939,75.3963022138,1
79.2619047619,24.6383938907,100.4615384615,44.9802498846,104.1794871795,39.1361016329,41.2894736842,37.6856163366,1
88.8666666667,34.1431347535,118.6631578947,60.9057270708,124.1855670103,55.0909893837,69.9393939394,53.89492549,1
73.2231660232,29.9987709532,137.0016891892,55.9743093567,136.8609271523,54.1892428091,83.4962779156,58.2257538064,1
73.3319967923,30.0992284817,137.405643739,55.4401611403,136.4969801553,54.0092324213,83.2150259067,57.9883963331,1
73.4784110535,30.1462033326,136.4876660342,55.1483882315,135.0222428174,53.8034340403,82.0837988827,57.4514486797,1
73.3164693219,29.4618937628,136.4210526316,53.859130779,133.3433179724,53.3424258057,80.1255868545,55.8504412393,1
72.5880052151,26.6846915582,136.7406876791,54.42044303,136.6801152738,50.1489278532,80.3941093969,56.6479278993,1
72.4657534247,27.7322659148,136.2369565217,53.4167204677,135.3116883117,50.5362823861,80.5360169492,57.6536890001,1
71.7337962963,26.8305893427,135.2082262211,53.0494296754,132.4769230769,49.8161052196,79.9072681704,57.9095217047,1
74.2045454545,31.103502345,137.6822033898,51.9246180002,133.1603375527,49.9083509063,80.244813278,56.509337385,1
76.375,35.8371672544,142.1986754967,51.3430250707,135.4480519481,51.0491286426,83.3225806452,57.4706584866,1
75.8902439024,34.7866339967,141.1,50.8700445112,135.0138888889,51.8156435665,83.0277777778,57.1692108817,1
105.3087557604,27.9916308562,147.3463687151,66.8897418938,150.1787709497,60.822586556,98.0631578947,69.9894443961,1
103.7945945946,27.5384934125,146.6962025316,67.6730513891,148.4113924051,60.0832892106,96.9638554217,68.5846492683,1
101.5106382979,24.6773842026,149.55,70.3313408091,148.1282051282,65.9304915596,112.0,62.8725089443,1
98.6857344633,30.317681811,130.3826366559,67.2733892015,132.8236677116,55.125926838,82.6430260047,60.0752436709,1
98.3586321935,30.6572674392,129.634469697,67.2398952171,131.3813481071,55.291016397,82.7256719184,59.8756883278,1
100.3888268156,30.9408642714,132.8989637306,68.1379859437,133.8965087282,55.2656067961,86.2782719187,58.7697471038,1
100.4951048951,31.7247059726,132.7947882736,68.1480729188,132.6028037383,56.30374504,86.4695512821,59.8607280709,1
100.4919786096,33.543655911,136.1726315789,69.690743087,134.6553784861,56.408819711,87.5746421268,60.3410471782,1
101.6952141058,35.4455669142,136.3425925926,69.4359766442,133.2771428571,58.8233218361,90.9226190476,63.1072402668,1
100.89,36.7303403197,135.3714285714,70.2251539329,128.5625,58.1731991019,89.1137254902,63.6910958766,1
89.8508287293,32.435143308,169.9884678748,64.8787859678,164.4847605225,68.2012952686,123.8110795455,75.0974922561,1
89.7215332582,32.3020939687,170.1342281879,64.5207846141,164.0707964602,68.2871194375,123.0130624093,74.8720522795,1
89.3076009501,32.0560548854,169.5651408451,63.7139236473,163.2472783826,67.8226082807,122.2415902141,74.9306899797,1
90.4459259259,33.9444159221,165.875,62.9670938722,158.4819047619,68.0384076141,119.4360465116,75.5850423241,1
92.1782786885,37.2710906778,166.8,66.3356470121,151.8407310705,72.3276791503,120.9549295775,75.9592418298,1
90.6196319018,36.8740533561,159.801980198,66.5453050173,148.8067226891,68.335956714,115.5446428571,71.3170597194,1
88.1981981982,29.0373539545,157.1643835616,68.6493998614,167.2432432432,64.3608515412,120.6144578313,74.1804753524,1
89.5056179775,31.6654292035,160.7818181818,74.6328445633,172.8392857143,68.7661089662,130.8461538462,77.5051821134,1
91.5949367089,32.3550395141,158.3333333333,75.4186463829,166.375,70.0540342046,128.4642857143,79.539290445,1
90.8732394366,32.1716039509,159.5227272727,74.9940872325,167.3333333333,72.1895652663,123.92,78.9090210306,1
95.6470588235,35.8032880128,161.5909090909,66.6405957976,153.4285714286,59.8017131691,129.0384615385,80.2886526944,1
75.6917293233,27.9704947795,115.3384615385,57.3174096046,119.5826771654,48.8146810473,76.6428571429,47.1326167329,2
96.1594202899,25.9797151575,119.6470588235,58.8254331243,107.9428571429,55.3226602279,68.3144329897,59.4453669125,2
95.5229357798,26.2575795367,121.9042553191,57.4111837924,114.7788461538,56.1455794429,77.15,64.8614484883,2
97.4705882353,26.3768711379,137.5681818182,61.5472463483,124.8541666667,55.3165095847,82.7608695652,59.0748179937,2
71.9540636042,25.7270687664,137.5614072495,54.0873707118,137.5532646048,51.6927813195,83.9480167015,60.0219063283,3
71.9988057325,25.7411786604,137.7556277056,54.0985494514,137.7164959686,51.750588147,84.1366815003,59.9769907856,3
71.901997897,25.5377098174,138.2788197621,54.093238773,138.27593361,51.6023753556,84.6033594625,59.9944464574,3
71.8943796394,25.5149526828,138.2946201801,54.0638087832,138.332326284,51.5442829124,84.5411392405,59.8509233619,3
71.936229403,25.4791237513,138.3102725367,54.0935397731,138.2134989454,51.5657820755,84.3800729594,59.7604875554,3
71.927889949,25.4503940434,138.530592503,54.0933044067,138.3450875486,51.7650505398,84.5244854507,59.9665552552,3
71.7505663797,24.9233186185,138.4314595661,54.0134373708,138.6906779661,51.1321307833,84.0750301568,59.693615942,3
71.8502923977,25.1472956105,138.6935031847,53.9987126158,138.7516743946,50.9623529213,84.087032419,59.5521536882,3
71.9804016453,25.4311736917,138.7503292073,54.3211882829,138.7563249001,51.218427415,84.281773653,59.8901740868,3
72.156647543,25.6315860877,138.7016544616,54.2480511135,138.7843244725,51.1524389418,84.0863213811,59.7119489835,3
72.2289553753,25.6643386674,138.8278145695,54.3032745616,138.9657095066,51.2501498492,84.2409508374,59.8274329835,3
72.4356857523,25.708502265,139.5065464068,54.2042095671,139.551774714,51.3828288892,84.4648248362,59.9679811221,3
72.5330277703,25.7986228609,139.4372971378,54.1419724391,139.3430439952,51.4197715228,84.2498555748,59.9954814275,3
72.4615802335,25.7131850057,139.512332838,54.1225639465,139.3469021251,51.462382528,84.2757417103,59.9804665626,3
72.4527938343,25.5834970061,139.5902924329,53.9847124024,139.3481031866,51.424024208,84.1576151122,59.7898519579,3
72.4768544339,25.6797307603,139.6635114504,53.931008202,139.3824162312,51.4069144157,84.2390200179,59.8948605349,3
72.468907563,25.7242272575,139.636168253,53.9305033283,139.4113650401,51.4619622469,84.2012616401,59.8628129116,3
72.447316662,25.745757346,139.6427471512,53.9673662548,139.4097243729,51.493798797,84.2687556493,59.9117918195,3
72.4322766571,25.9660251587,139.9207201516,54.0078054674,139.6397712834,51.5792327323,84.7380290392,60.0309462173,3
72.4392688679,26.0437284747,139.4415374677,53.920781861,139.1883116883,51.554884319,84.4090334807,59.9847087844,3
72.321997549,25.7712801167,139.1095844504,53.8498843284,138.6426406197,51.6416514935,83.9353674541,59.8898383588,3
72.2204452807,25.7588621628,138.6272696129,53.6619175402,138.0633172746,51.4293037022,83.3940308518,59.5302255816,3
72.3572643756,26.4064526047,138.7278835386,53.5376590433,138.1283202394,51.5778824658,83.7642335766,59.8630788534,3
72.3648275862,26.4717286567,138.3255109765,53.424357941,137.7746212121,51.5770418874,83.5758136095,60.0085067263,3
72.3961719032,26.8635948154,138.5446605796,53.8894326473,137.9992054033,52.1750362281,84.4176675707,60.6956628173,3
72.4516509434,27.4249408267,138.4884832681,53.84186184,137.6180555556,52.2481886352,84.630351844,61.0074445829,3
72.4608386076,27.3826475,138.4034934498,53.8762903352,137.5911072363,52.3240125786,84.4524925437,60.8463229119,3
72.6855426855,27.5429270106,138.2243256034,54.2886697555,137.1617161716,52.9017553995,84.2359187442,61.2847314065,3
72.6997206704,28.3285732651,138.5494335736,54.4703490538,137.4383631714,53.2365051895,85.1840521565,61.2606425481,3
72.6161087866,29.0896772429,139.2255244755,54.3316979713,137.5291402193,53.7105242439,86.305209513,61.8241967939,3
72.0934472934,28.2159829698,139.7219759341,54.0735604066,138.6197982346,53.3633700918,86.3043746149,61.0398778723,3
71.6696125085,28.3337330654,141.8081880212,54.1159880294,140.3027798648,54.2493961211,88.3787767133,60.7796272347,3
71.6982156711,29.7062631139,142.8288444831,54.3383172488,141.2474315068,54.9424160906,89.9206751055,60.8407518288,3
72.1457777778,30.7425740619,143.1282306163,54.7683033872,141.3216031281,55.5820634705,90.8870656371,61.4146438673,3
72.6001984127,31.8808527145,141.6484118291,53.8745463759,141.4605263158,53.14834192,88.5016042781,59.7349023066,3
72.9928315412,33.1530601399,139.6533333333,52.7914370161,139.1486842105,52.4852385098,87.353626943,59.9618883691,3
70.9094488189,27.4428719899,139.1060820368,52.8013148095,142.3536231884,49.4201407622,86.7699724518,59.9383818747,3
70.6714876033,28.7832727526,138.59375,52.5464943462,142.5675057208,49.3990721196,88.1760869565,58.554596169,3
71.2277227723,29.1825531725,137.7419354839,50.8836229068,141.698630137,48.7809992572,86.5209424084,57.5439584408,3
75.5076923077,35.4214724434,138.7277777778,54.1575716011,144.7485714286,49.8968614612,87.9180327869,57.7931950204,3
75.8392857143,34.557290313,135.4658385093,54.4672710497,140.7225806452,48.8003880846,85.5582822086,58.5119250768,3
72.4223602484,24.3490762133,136.2738853503,52.9479508231,139.059602649,48.2746326359,84.4905660377,58.7054118689,3
68.7232142857,14.3110907425,138.4036697248,51.4897547957,135.1262135922,48.5669749976,84.6909090909,62.4343648751,3
68.5853658537,13.6184516325,154.4285714286,49.5138955278,150.0,44.9660365659,103.3571428571,66.2839567706,3
80.87808418,32.165748153,114.9432387312,62.2790595006,115.737458194,56.1345400818,88.3976311337,63.2822693334,3
80.0019880716,32.3367285289,116.1990740741,62.0998091417,116.4282407407,54.8532928774,87.4882629108,61.1699403247,3
79.4497716895,32.5438374872,116.6684782609,62.8851081932,116.375,54.7037041211,87.5592286501,62.4918171301,3
79.2863741339,32.6317011596,117.2857142857,62.8608328088,116.8626373626,54.7036253461,88.0277777778,62.5141255642,3
79.3146551724,30.845277832,120.4791666667,62.5529740778,120.3886010363,54.0910695761,88.9625668449,59.794511667,3
78.4913294798,29.4525421137,118.2064516129,64.004807962,118.8717948718,57.0795349231,87.2894736842,59.7127588829,3
78.0743243243,28.2137332901,116.171641791,63.5224165533,118.2910447761,59.5550447287,88.5259259259,62.1970381133,3
101.6689607708,29.5798727413,134.6182838813,67.6755094661,136.0793905373,57.6945413059,89.8803088803,64.3160778873,3
102.0022641509,29.8931303171,135.0431338028,67.7125168285,136.5105633803,57.7251552652,90.1232993197,63.7829888075,3
102.3489242283,30.4885209158,135.3223322332,67.8677008215,136.6274509804,57.4215822975,90.5375661376,64.0126220722,3
102.3967391304,30.4515686434,134.7451984635,67.3542842648,136.0996216898,57.8540487628,90.1507352941,64.7787378459,3
103.0325077399,31.3724336544,136.4151291513,68.3043654489,137.2862254025,59.9171790337,90.9611992945,66.0822418811,3
105.5788288288,33.2588212572,136.8224043716,69.6245092258,137.5400516796,62.4977545684,92.7586206897,63.8161948315,3
105.9034852547,34.1691316673,139.3680781759,70.5812398871,138.7055214724,64.1020019705,94.2208201893,65.5584730112,3
107.0524344569,35.294972423,142.0805687204,70.9171344188,138.8347826087,66.5388974745,94.866359447,66.1371680475,3
106.7009345794,26.4918308527,137.387755102,66.8488445175,139.7070707071,53.9094363145,77.8265306122,51.2305763113,3
107.3619047619,25.8287856432,137.387755102,66.8488445175,139.806122449,54.1748224832,77.8265306122,51.2305763113,3
69.7112299465,20.0043319396,142.1420118343,66.5160296433,140.9523809524,59.7889949983,97.3764705882,60.3214870449,3
68.41875,17.9932181234,142.1216216216,68.3548872692,140.4657534247,61.8135912243,98.8657718121,61.7525542463,3
87.5166666667,31.5869127259,121.2772277228,57.3618217139,124.5092592593,63.6110133969,80.5,62.3279231164,3
63.8333333333,14.7029223601,185.2631578947,70.030701617,203.0571428571,53.9459744862,157.9268292683,71.9855643536,3
63.5468926554,17.6198816811,212.6078767123,47.7793014839,212.5112456747,47.7755244721,169.7709978464,63.6665191669,3
63.259375,17.8996047333,213.9014218009,47.8703199647,213.4313160423,47.9549033582,171.4710087371,63.1032645359,3
63.3861323155,17.9813413628,213.6492753623,48.0551986054,213.1518119491,48.1405413655,171.2564724919,63.3857922213,3
63.0587002096,18.4048931068,212.8408376963,48.39291419,212.5534391534,48.7295478881,170.548415493,63.5304167555,3
62.7635968093,18.4453592576,213.1072210066,48.0621804163,212.8686534216,48.6108501973,171.641025641,63.2001970749,3
63.0260047281,18.6840543352,212.264947245,48.5817873371,211.7926540284,48.98141047,170.3668639053,63.3573466878,3
63.0636215334,18.8492568583,211.6432038835,48.6964929403,211.0110294118,49.1081851522,169.8794688458,63.6563470379,3
62.6836049856,19.5269459974,211.4247159091,49.34784941,209.6594202899,49.6551727353,169.8858173077,63.8013947491,3
62.7489754098,19.7830833869,211.2568807339,48.7962568756,209.1596899225,50.2159762085,169.5258397933,64.4098330481,3
61.5896805897,18.0365774045,212.1788321168,48.5534635427,212.687732342,46.8293893644,171.3148148148,63.2077431401,3
60.8375499334,17.8203858895,213.024,47.8768359857,213.5,47.1899748325,172.7966386555,62.7215587998,3
61.1568894952,17.870343924,212.8891170431,48.132602865,213.1645833333,47.4318809346,172.6936316695,63.1356688322,3
61.1346704871,18.0198609377,212.2693965517,47.688313771,212.7680525164,47.4038336346,172.1177536232,62.8948015469,3
61.6379018613,17.9455140291,211.5818639798,46.9998818108,212.5532467532,44.3386952002,170.6207627119,63.1691487086,3
61.4385964912,17.825574406,211.3571428571,46.1875789469,212.567251462,43.6848747767,171.3833333333,62.9911422974,3
61.618226601,18.2596101375,211.3807829181,46.5408501631,211.8308823529,44.3963689472,171.2958579882,63.4214422097,3
62.4655737705,19.1228889138,211.7170731707,47.1981598568,214.0,43.5928699268,172.875502008,64.0839415807,3
64.9652173913,20.6839279908,204.9571428571,47.9384831139,205.2537313433,45.8017607964,164.4823529412,70.5201868078,3
74.2564102564,20.6989631212,185.6666666667,50.3167743181,192.7222222222,46.6676256515,147.3043478261,75.85709378,3
78.4210526316,18.5623155018,178.4444444444,36.4847338276,184.25,27.9765526826,130.6363636364,77.4541186501,3
82.4285714286,18.9989258558,169.1666666667,37.2308862222,178.5,21.6159663212,132.375,88.5267438405,3
84.0181818182,30.9974725709,105.4756335283,61.8769442433,103.525,52.6965127112,78.44,57.9474796691,4
84.9948051948,32.8526023247,107.3055555556,63.6857386113,104.6975476839,55.0194770515,81.8125,58.5976172966,4
81.7588842186,28.6046594158,110.032688172,61.6035521797,109.6963058419,54.9702914462,83.4561867019,62.0194334346,4
81.5402711324,28.323482662,109.935397039,61.6031696803,109.6780116435,55.0138422119,83.5103353238,61.7783464251,4
81.1709438886,28.0194102474,110.35546875,61.7194431083,109.8514899853,54.9638458821,84.0633100698,62.1590398984,4
81.0263419483,28.0283299229,110.3070469799,61.5194828782,109.8615298716,54.9567601178,83.8268792711,62.091862705,4
81.2673210162,28.1008907995,110.6328125,62.0612564193,110.4067576348,55.7540277581,84.8027796161,63.472278447,4
81.2361477573,28.0676418532,109.5085248332,61.3399376874,109.784501845,55.5207289805,83.4687735139,62.7509616335,4
80.9631147541,27.4281675871,108.5955882353,62.130807064,109.142726441,56.0503607584,83.1581395349,63.7330122649,4
80.4245709124,27.4631139938,107.9506048387,62.369659087,108.9598796389,56.2882001811,82.4301732926,62.8163225935,4
80.4953917051,27.6302733684,109.1227621483,62.9288988504,109.3010204082,55.8781354321,82.7172503243,62.7142280318,4
81.1734693878,28.0851567704,109.4698205546,62.4750089244,108.7524429967,54.7779998656,80.6193656093,61.4589893443,4
81.0796460177,28.1351484245,109.4250411862,62.6219316627,108.8336079077,54.9580968786,80.9460370995,61.5456105726,4
84.8994565217,30.5379877424,108.9574468085,58.1399476124,107.237804878,53.0901629312,76.2679127726,60.3414211073,4
87.6063829787,32.0244979648,102.8343195266,57.3888099594,101.1616766467,47.9190081877,72.5914634146,58.1568331686,4
88.0110497238,32.3410672255,103.2085889571,57.8106125214,101.198757764,48.2002577086,72.6163522013,58.5715494013,4
90.6707317073,34.8879932096,103.5526315789,57.6142788261,99.0540540541,44.487438826,66.7183098592,49.5026484136,4
82.1568627451,30.3645643247,131.502283105,66.1322443221,136.5530973451,57.4794254391,95.25,66.5047403006,4
71.5786163522,30.1015855843,181.7009803922,69.857584813,188.6715686275,64.4050066216,159.1155555556,66.8130724253,4
74.347826087,33.7095405382,179.0774647887,70.5320897843,187.176056338,62.9629109802,154.8258064516,66.9994846766,4
68.16,20.5400681596,187.3857142857,64.6010377752,196.4927536232,54.4720705429,161.1851851852,66.0548053618,4
75.6565217391,27.1712656102,181.6686390533,68.3884416939,184.6071428571,65.7298797491,148.1711229947,67.1916615364,4
79.55,36.6953334908,217.3076923077,83.9426403201,227.3636363636,71.872706575,193.0,41.3763217312,4
75.0069444444,29.0723944394,132.7801652893,65.2541852872,138.3621533442,57.9622648518,95.5557350565,64.8752602896,5
75.1954545455,29.238304742,133.0126811594,64.6815626692,138.482078853,57.7365683738,95.0601769912,64.9139110496,5
75.0687919463,28.7624551232,133.7074148297,64.5702811481,138.7857142857,57.7688823171,95.4597249509,65.1231027781,5
73.9830188679,27.6774155998,132.1872246696,64.5036126759,136.6914660832,57.1999735413,92.305856833,62.8179180917,5
74.10056926,27.7117745281,132.46799117,64.2970614421,136.649122807,57.2555034444,92.305856833,62.8179180917,5
73.0915178571,27.7764211321,132.5729166667,65.1436705149,136.8753246753,57.5520547115,92.9331619537,62.7625848913,5
72.8009708738,27.7760495949,133.8483146067,65.8361476687,137.4606741573,57.9166014467,93.5027777778,62.4132730992,5
68.9918699187,25.8675475297,129.4439252336,64.7402006839,133.0700934579,58.8781391844,92.7803738318,61.7205292181,5
68.9959183673,25.9202069088,129.4439252336,64.7402006839,133.6009389671,58.5030427286,92.7803738318,61.7205292181,5
70.0172413793,28.714703298,132.4545454545,67.7227372897,140.0,63.33616177,95.4479166667,63.7334733139,5
71.0,30.2086080447,129.9156626506,66.4668057056,136.0117647059,63.8856504403,93.1097560976,66.1940985686,5
71.3838383838,30.1171809319,129.9156626506,66.4668057056,136.9404761905,63.6918457797,93.1097560976,66.1940985686,5
102.0133333333,33.1980293927,134.6446540881,62.8274778125,129.0928143713,54.2079087728,78.1104294479,55.1660634249,5
97.7029288703,27.5439479908,130.0471698113,59.9065123992,127.8617511521,50.5467731805,71.3271028037,52.44681787,5
92.0,28.6849007217,114.6470588235,62.5637944318,105.0,32.2755989211,65.0,52.9661379063,5
76.1515151515,32.1904570953,149.5,54.7034439795,141.0258064516,58.5101533386,92.1689189189,59.5615612162,5
77.1419753086,31.1430128668,150.3605442177,57.4651560298,154.5734265734,49.7575224675,94.6291390728,61.4507411509,5
76.0440251572,26.0624180404,150.2137931034,57.8345066079,154.2056737589,49.7908416385,94.4765100671,61.8231493635,5
79.0291262136,22.5958395993,153.9325842697,56.3701247181,159.3448275862,52.2159150412,94.3085106383,65.9275919049,5
79.4133333333,25.0663617003,157.3442622951,57.1575003313,163.2258064516,54.0983034004,98.5846153846,65.0452841802,5
78.6857142857,18.8433715948,156.6896551724,57.9063473671,162.6896551724,55.3525400148,94.4754098361,61.433052074,5
65.1204188482,27.3091886006,147.045,70.7748046624,146.7107023411,60.5080628628,106.6672131148,60.8094233997,5
65.5915841584,28.1390470481,145.3920187793,70.1842567058,146.0023419204,61.4173155191,105.6873563218,60.5936812543,5
65.5552699229,27.8230758889,144.8658536585,70.3151377025,145.7839805825,61.6240515056,105.9832935561,60.6461406425,5
65.1871345029,23.532236406,149.8313953488,69.9000994138,150.0520231214,62.0237942311,107.9768786127,60.7223334329,5
104.4689655172,30.4350195691,139.828125,73.1912210172,150.8294573643,63.96669725,99.8142857143,71.5101976458,6
105.7520661157,33.764933884,131.2624434389,69.9151644385,135.5342465753,52.2782550441,83.2117117117,61.9829622605,6
102.0810810811,24.8534932869,118.5,61.6351933462,129.7352941176,49.986650467,86.4324324324,65.6549294337,6
99.2594936709,28.213175928,138.7830882353,67.0512370539,141.8641509434,56.6185218522,89.2348754448,67.2377334914,6
100.3543307087,26.3252005127,137.6909090909,68.2479097854,139.785046729,58.1397009205,85.4561403509,65.5562086868,6
96.6607142857,25.3350947908,124.92,63.9615009205,126.9795918367,52.5813227475,75.6538461538,60.2800785486,6
97.8654244306,26.0266725979,144.4109470026,68.3192957395,148.7451838879,60.0300337011,94.4321192053,68.379349649,6
97.9910714286,26.4047986985,147.9905660377,68.0210760523,152.7837552743,60.1056442465,95.6931479643,69.7087014747,6
98.0026086957,26.6885253339,148.0112739572,68.2948535439,153.298185941,60.0248302467,95.0737967914,69.1913715064,6
97.6222684703,26.3132471485,151.305670816,67.4422189735,156.0822873082,59.4652383137,96.9153645833,69.5102987976,6
97.9214365881,26.1826550601,152.4294294294,67.5069697568,156.8803030303,60.2136039187,98.2366197183,70.2642522046,6
98.690747782,26.1224217037,155.0326460481,67.1474806497,159.6152512998,59.4009171044,99.1264,71.0109514303,6
98.799739922,26.2790160382,155.5848056537,66.9810561971,159.9251336898,59.5623200888,99.4819672131,71.0878964317,6
98.2871428571,25.8077863191,153.8884615385,65.6784640205,158.4541910331,58.2048404954,98.7982142857,70.4424562297,6
97.8071539658,25.6908310096,152.5836820084,66.2263165644,157.8393234672,58.7894042851,99.8015414258,71.4733543566,6
97.5164644714,25.9331928518,152.5717647059,66.1852313574,157.5259433962,58.8068816291,98.8869565217,70.8166972717,6
97.3172413793,24.858506289,157.7019230769,66.1076065013,162.0450160772,60.1781217195,101.7380952381,71.109258497,6
97.4075067024,24.8959259445,156.8091603053,64.6473244405,161.2462121212,58.7946154323,101.1060070671,71.0292534118,6
97.5972972973,24.8908426284,156.8091603053,64.6473244405,161.0684410646,58.8354271092,101.1060070671,71.0292534118,6
100.9783393502,24.6753556616,159.1428571429,66.7778070185,163.7563451777,58.8474887038,101.043062201,70.6320275308,6
102.0948905109,24.0870935582,167.8681318681,70.0891439904,170.585106383,66.0438941038,113.9797979798,71.4250302444,6
103.0388349515,24.1893510752,170.1142857143,72.639332686,175.3472222222,67.9509953574,116.3846153846,72.7276674277,6
102.3720930233,21.519081047,165.1071428571,72.7649539298,174.8965517241,68.4998589616,119.6774193548,75.085494109,6
91.8695652174,24.5696956287,98.6108597285,52.9986994606,98.7214611872,44.0826335478,51.2072072072,48.9413359285,6
68.4378378378,16.988634537,146.9878787879,74.5178431249,149.7604790419,65.2438273017,108.9479768786,70.1232000806,6
63.1515748031,29.1831935129,141.405015674,72.701064227,139.7976772616,63.8744472135,107.7170042971,61.677086069,6
63.2122641509,29.234503618,143.1789234268,73.0190383748,141.2678440029,64.2342137794,110.7261287935,62.6312192773,6
63.2036199095,29.3812385965,143.5263620387,73.4046953883,140.8777589134,64.9167443645,111.435193133,63.3543367129,6
63.1169354839,30.260935698,142.5395894428,73.6675190918,139.4623352166,65.2845141699,111.3342884432,64.3503053194,6
62.4869325997,28.4737294367,142.8026490066,75.3358361267,141.7016861219,65.5547551633,114.2835051546,66.1276650006,6
61.6355932203,24.9821683031,145.5120967742,75.9715556838,145.7168674699,64.3250573934,116.1148514851,65.2458767502,6
61.1127819549,25.4088830998,143.5104895105,78.4042213018,146.3114186851,65.7230735402,117.4641638225,66.5156419726,6
54.7222222222,24.3671125257,147.6315789474,63.1099379332,146.5263157895,56.6283994412,109.2631578947,60.3967950572,6
97.2234042553,29.9603121363,116.3631039531,58.3182558106,112.9337837838,58.6174007396,64.5836972344,54.8078944553,6
97.5980952381,32.1381600236,118.8397435897,58.3150700489,112.6883365201,60.7705806927,64.9085106383,53.8904931015,6
95.832025574,29.3203597574,199.4125313283,65.982816502,204.8472979673,58.6207907526,155.8525291829,68.4784754405,6
95.9187041565,29.3400431878,199.3853018373,65.9877789865,204.6869158879,58.7973807982,155.5787755102,68.5080102462,6
96.0272523245,29.4703631325,199.2924683892,66.3474636296,204.681300813,58.9730387384,155.3743589744,68.4819648775,6
95.8643067847,29.3146328107,199.7537772804,66.2329817316,204.9414688018,59.0770622136,155.281358885,68.3075523515,6
95.5950498453,29.0096709181,199.6607773852,66.1497240213,204.8264654672,59.3039776103,155.3961573651,68.3116443497,6
95.6141874774,29.2144511552,199.5666460012,65.7432402808,204.5265405735,59.1685970516,154.8146364949,68.4543068102,6
95.7054714785,29.5662962218,199.3684559311,66.0439997245,204.4425587467,59.4936749012,154.8459152017,68.5171574868,6
95.6433305717,29.4342674602,199.6202263083,65.9976911298,205.594972067,58.6524364263,154.892384106,68.2431538218,6
95.6609119079,29.4978804059,198.987804878,66.9288380556,204.9143501127,59.1721643236,155.3973902728,68.0410164681,6
95.6899902818,29.6021744746,199.3994932432,67.0670426454,205.3740648379,59.5676558904,156.2390879479,68.0219606938,6
95.470927187,29.8232582837,200.0529680365,66.7513680728,205.9964093357,59.7126421124,156.1846370684,67.8838477847,6
95.7759312321,29.9547260012,199.9562624254,66.3333955063,205.5779727096,59.8713880041,154.8510802469,67.8955503329,6
96.2020525978,30.443602401,200.4983127109,66.404546779,204.96799117,60.7675707177,154.9477351916,68.1146480746,6
95.7404193782,29.8240660751,200.6839443742,66.2371232253,208.152284264,56.1150436986,154.8222003929,68.3842921499,6
95.9851239669,30.2183203726,199.7686781609,65.9526536592,208.3333333333,55.9655950583,153.0787401575,67.840434172,6
96.3738317757,30.6228866109,199.9739413681,65.3183332838,208.0827922078,56.3324543951,152.0064020487,67.394389976,6
96.3414905451,31.3488066418,198.3009708738,65.5076420283,206.5922330097,56.3362024516,149.8902627512,67.6029092304,6
97.7697368421,31.2473304954,196.9930555556,66.4603574956,205.9018691589,57.0115146286,150.697080292,68.5925731138,6
98.240063593,31.6036350166,194.4589235127,67.5844169308,205.150997151,57.5521811327,149.8471910112,68.3295979264,6
98.9313304721,33.6184027169,190.9323308271,70.5907612316,203.3448275862,57.6797528676,147.7415384615,67.4304265773,6
100.0372093023,33.8072307063,193.59437751,68.6171507864,203.843373494,57.3721344689,148.035483871,66.9820536792,6
98.4337748344,31.4338459917,185.865497076,71.1094990584,198.2774566474,57.8502492778,149.376744186,69.3393570486,6
98.65,31.4262231266,185.865497076,71.1094990584,198.2774566474,57.8502492778,149.376744186,69.3393570486,6
99.608974359,32.15458928,189.8444444444,70.2640908938,209.847826087,56.7030661663,153.5948275862,67.5943757159,6
101.1555555556,27.9467394684,201.9215686275,63.2389936598,219.2545454545,55.7119925663,151.6268656716,62.9178179497,6
68.9741935484,20.5328842111,152.6267605634,68.9022178301,154.5492957746,58.1955878325,112.8389261745,63.6026958099,7
107.2580645161,33.854973182,158.1794871795,83.3552397242,163.380952381,75.1173533882,120.4186046512,75.1616034329,7
97.6640926641,34.3577463439,119.876,74.7841468762,120.4512635379,73.6373343559,85.6417322835,60.3383634261,7
96.652892562,32.2143417432,121.3157894737,69.0309256642,121.276119403,75.1068285735,84.5867768595,62.6660662417,7
107.6586206897,35.5588489132,186.2909090909,68.9958293146,192.6023391813,63.5055350106,143.6047619048,77.6004478153,7
109.2407407407,36.6728202842,187.8412698413,73.402825591,194.1627906977,63.6175333808,144.8427672956,76.4963545472,7
70.427829415,26.8546675192,139.9423843089,69.2034207547,137.2990296971,63.0355907897,99.4170417042,63.6231128102,8
70.1328328039,25.6912457627,139.5868514341,69.0874646914,138.506587202,62.07078684,98.9431997476,63.6640058501,8
69.928702011,25.2972415794,139.3367312266,69.2659519755,138.8034528552,62.0342718008,98.6020646021,63.7899156272,8
69.9654956085,25.3970861291,139.670171749,69.3278344287,138.9383561644,62.0040346238,98.8498281787,63.7402088025,8
69.9955597843,25.4374349096,139.6602836879,69.2546655923,138.9300311742,61.9935074489,98.8098052851,63.6317611765,8
70.0481110752,25.5319374379,139.9563176895,69.1989694275,139.2132534367,61.8891409477,99.0937389459,63.6656685647,8
70.1134357633,25.6013369381,140.5263350402,69.1921500062,139.7397358086,61.8553992821,99.6098172698,63.6563183735,8
70.0643356643,24.9237169202,140.8320968372,68.8787020501,141.5646967941,60.6663538885,99.5387848682,63.737167824,8
69.7429409608,23.8303717117,140.988158432,69.0922672007,141.44,60.9138681196,99.6694644285,63.8028777804,8
69.5035377358,23.8107380261,140.8046328671,69.0522873454,141.1154844291,61.0145345639,99.054343175,63.9587817179,8
69.4679802956,24.0107777393,140.6358645929,68.9087206287,140.9312217195,60.9049015618,99.1337807606,63.9111694752,8
69.3431458699,24.2785624652,139.5769607843,68.7502581712,139.9287790698,60.8539383066,98.4954480115,64.1757876727,8
69.5299516908,24.6662910566,139.7165311653,68.6074602508,140.285026738,60.851072171,99.3560846561,63.7373220303,8
69.2065989848,24.0059733917,140.7976054732,68.3889588048,140.8235955056,61.0065229934,99.4390651085,63.0109148561,8
68.4240896359,22.0475417578,141.143126177,67.6160895989,140.6633601984,60.6973027168,97.7240319607,62.0085203929,8
68.2840562004,22.1724087081,141.3310486635,67.620423402,140.8120351589,60.8395274799,98.2816901408,62.2040932905,8
68.0888585099,22.1420636613,141.7070552147,67.6060521979,140.980332829,60.7828373779,98.528174305,62.1855738889,8
68.1202027516,22.352356464,142.4001623377,67.4857110896,141.676,60.669569176,98.9649960223,61.8580924029,8
67.7673010381,22.5878600608,144.7096774194,66.6782353662,143.5715658021,60.5421941316,100.6246418338,62.0060961066,8
68.2489959839,23.2091124474,145.8233944954,66.8604496539,144.3224719101,61.1194855794,100.6916201117,63.2966315143,8
68.3409801877,23.3389920526,146.1064593301,66.8287779057,144.5070257611,61.1053286699,101.394644936,63.3024524292,8
68.7375,24.6928854885,146.2214182344,66.2728116313,144.41325811,60.9387298407,100.643258427,63.9709092466,8
69.2549618321,25.3247735384,146.3910714286,65.5075698373,144.150779896,60.9311041188,100.8090277778,62.9759791212,8
68.0968468468,21.6477135876,144.5621761658,65.3131755541,143.4556962025,61.0102704507,99.803030303,63.8178166987,8
69.2101167315,19.2194629887,138.4487179487,67.6762619386,139.714893617,61.0335763146,96.6877637131,62.4131090348,8
69.0328947368,17.9316750631,134.8394160584,68.0519588499,134.2279411765,62.3594852108,92.8759124088,61.5579301378,8
69.0222222222,18.2064159089,137.2704918033,67.0264245524,136.7540983607,60.2356453855,93.4959349593,61.4505385059,8
71.3056872038,26.2795564296,132.8923076923,65.8485729247,128.9725685786,60.8344857707,90.0837563452,59.9423630958,8
71.409921671,27.3008881108,131.8328611898,66.522720539,127.8571428571,61.3476530675,89.0952380952,61.4870978223,8
72.32,28.9145542271,135.9427609428,66.6855030696,131.4498381877,62.2569701454,94.3289036545,61.4391208965,8
72.4816053512,29.865397525,135.2408759124,66.8103892384,130.7237762238,62.4183152452,94.0788530466,61.5844050348,8
68.572519084,19.1490858548,131.2519685039,62.7070389378,130.9606299213,54.1866708738,88.5118110236,55.6288128682,8
68.6384615385,19.2077724036,131.2519685039,62.7070389378,130.6507936508,54.2891022799,88.5118110236,55.6288128682,8
70.2974910394,19.1870913375,140.9961832061,62.4561829973,141.2775665399,56.9395229046,88.8511450382,58.1202752215,8
70.4292929293,18.8728480747,136.8842105263,64.630832329,136.9578947368,57.7439749948,86.6947368421,58.7373410656,8
84.3229166667,25.4808594252,117.1748251748,57.82555327,120.4300699301,55.7757153649,76.5255474453,58.4097757406,8
83.2647058824,22.3595075495,118.8895348837,58.5358616558,117.7976878613,57.7278806362,82.5974842767,57.0332706053,8
83.0373831776,20.6917407486,118.7345132743,60.5059812298,116.5130434783,64.2672903776,89.0495049505,59.6817261844,8
82.2763157895,18.488686928,121.9397590361,57.5783069503,115.5529411765,66.7507225574,92.5694444444,63.7891113986,8
82.2763157895,18.488686928,122.3170731707,57.8262490082,117.7228915663,66.0321778538,92.5694444444,63.7891113986,8
82.2763157895,18.488686928,122.1358024691,58.1589463382,119.975308642,65.2234478985,92.5694444444,63.7891113986,8
82.2763157895,18.488686928,122.1358024691,58.1589463382,119.975308642,65.2234478985,92.5694444444,63.7891113986,8
82.2763157895,18.488686928,122.1358024691,58.1589463382,121.2125,64.6783761682,92.5694444444,63.7891113986,8
82.2763157895,18.488686928,122.1358024691,58.1589463382,121.2125,64.6783761682,92.5694444444,63.7891113986,8
74.7272727273,13.87011771,128.6923076923,55.9063566159,124.2307692308,68.3662690628,90.1818181818,76.8118340573,8
74.7272727273,13.87011771,128.6923076923,55.9063566159,128.68,65.9258492551,90.1818181818,76.8118340573,8
74.7272727273,13.87011771,129.4782608696,57.9624087815,134.4545454545,58.9597144997,80.8571428571,65.3308690359,8
74.7272727273,13.87011771,130.7727272727,58.9390531267,138.8095238095,56.7849905115,80.8571428571,65.3308690359,8
74.7272727273,13.87011771,135.75,56.3612233721,143.1,54.7648609968,80.8571428571,65.3308690359,8
67.4598853868,19.9213847745,186.0731707317,77.9299077813,187.2534059946,78.5488867586,166.3934782609,71.3948570251,8
67.291858679,20.0135340863,185.4,78.9204300908,185.6637681159,78.8078381503,164.9581395349,71.2034629173,8
67.6473779385,20.6992691775,182.1677419355,81.4081171632,181.7128712871,81.0258488642,162.5573333333,72.374332786,8
67.1901709402,21.2084724839,177.8603773585,83.7889494664,176.6053639847,84.4650589186,161.0846394984,73.6044821692,8
66.5166666667,18.8840373088,179.1265306122,82.9518443424,176.9256198347,84.8909037646,159.962962963,74.2886941336,8
66.4093137255,19.0079088679,177.4075630252,83.1833922699,175.7932489451,84.9982593318,159.7655172414,74.7021685318,8
66.8851174935,19.195227946,174.4298642534,84.7455110437,173.8687782805,87.1171571532,158.1380597015,75.3598306384,8
67.0847457627,19.6849090172,170.785,87.049117026,171.3069306931,89.8719928592,157.856557377,77.0440575337,8
67.1681957187,20.3396051817,169.174863388,89.2492795695,169.7311827957,92.0004254063,156.6891891892,78.21901436,8
66.9064516129,20.3020964353,168.3050847458,89.1318938087,169.0558659218,92.1874893456,154.3033175355,78.3043820288,8
64.7769230769,16.691898258,179.1052631579,75.20490937,185.8641975309,78.9437607424,153.6304347826,74.4048440147,8
64.1730769231,15.3907079282,199.5614035088,55.4443035037,205.8833333333,58.8637102882,169.2916666667,65.2336479085,8
65.1052631579,16.562146876,199.2765957447,56.923129251,203.1632653061,59.7748656956,162.8909090909,61.5549046055,8
66.4565217391,17.8699486894,198.5,50.9900317056,209.0,40.9772294492,154.7647058824,57.1942298733,8
66.5555555556,14.2031121611,210.7777777778,37.4604317997,214.8888888889,39.7895699467,152.2105263158,45.1949915103,8
92.6929824561,32.4654005282,121.8,63.9555500403,124.0673076923,52.7578401799,73.2710280374,66.1562254816,9
87.375,25.8066730711,133.1904761905,50.5942016701,136.1904761905,43.841292829,69.0,63.5445100847,9
87.375,25.8066730711,133.1904761905,50.5942016701,136.25,44.9231287869,69.0,63.5445100847,9
90.0643939394,32.9821407886,115.3737373737,62.724310345,116.3487903226,50.8777919753,66.7931034483,52.5729261985,9
89.5611650485,32.977686581,115.7474120083,63.1397474709,116.4607438017,51.1290349118,67.3513513514,52.7085427757,9
89.5520628684,32.6615636693,115.860125261,63.3236645287,116.6195426195,51.2448643804,67.4947589099,52.8391657376,9
90.619047619,32.6246023609,114.8264705882,63.1084212187,116.3538011696,50.6090447403,65.0236686391,50.8548756237,9
93.2985074627,34.1429238863,115.437007874,64.3008581801,117.6511627907,50.1564453513,64.5138339921,49.4984010434,9
91.8888888889,33.4709504907,113.615720524,63.4280592863,116.4206008584,49.7329685349,62.7543859649,48.1350551407,9
91.4391304348,33.0475709708,112.8272727273,63.2813140725,114.7757847534,48.2880366228,61.2511415525,46.7515138922,9
91.5964912281,34.5892487348,113.8109756098,62.7644230943,116.1626506024,48.4039608328,62.0920245399,45.567022008,9
89.417989418,34.453009769,112.8852568379,61.1319413424,109.8387715931,52.2442793842,67.2566666667,57.590949424,9
89.279054917,34.6531348203,112.2295918367,60.5337572892,109.1696801113,52.3303843138,66.4682713348,56.5930961671,9
89.4669779853,34.954398153,111.458492003,60.2962727589,108.2581580856,52.1206978753,66.3348588863,56.8128325132,9
89.3299928418,34.6150615521,112.4502057613,60.602616694,108.8079625293,52.8827873224,67.516075845,57.3991027483,9
89.5546623794,33.9920938765,111.9281105991,59.7459629211,110.0972590628,52.0887267715,66.6177285319,56.3346397343,9
89.4517271922,32.9410136471,112.2741116751,59.8617865773,110.5381604697,51.8765282164,66.4343845371,56.8911036836,9
89.6567481403,33.4979836602,114.2246642247,60.2775698201,111.4058479532,52.1518270554,66.8343558282,55.2342989159,9
89.6752503577,34.300516599,114.7161936561,61.2120176658,111.0408805031,53.6093037474,67.8808724832,56.9667944895,9
89.6561403509,34.791776693,115.4803312629,60.8251160929,110.3915547025,54.5486826335,68.8833333333,57.2252032665,9
89.3995943205,35.0119156743,117.0,60.4793203006,110.2190265487,55.2408907393,69.0831295844,56.2924422569,9
89.1317647059,36.1536792099,118.0621468927,60.9309749502,110.181122449,56.2973641929,70.7564469914,56.4623336676,9
91.08033241,37.0562449778,119.1559322034,59.9128414157,109.4864864865,57.9479726574,71.2413793103,56.9594260749,9
90.1948529412,36.9055169235,120.7510917031,61.3257040301,109.2961538462,57.9315310768,71.8362831858,56.1763556251,9
90.5692307692,37.4382442187,120.4885844749,61.3440302909,108.686746988,57.7821544645,72.4398148148,55.9005904027,9
91.3034482759,33.941597739,119.7540983607,63.6704259365,113.0,56.9392337135,75.8211382114,59.9067069443,9
92.4206349206,35.3549693808,115.7102803738,64.6639059711,106.9043478261,54.8493547841,72.8971962617,57.0543165665,9
84.1804511278,29.8610402214,111.7086614173,55.8886843922,114.2265625,51.6823553733,65.875,52.8059537363,9
72.3830065359,24.2525594387,138.146092038,50.8464853314,137.3685734975,50.7859545152,81.5554765292,59.3002172859,10
72.3951104101,24.5809524897,138.0423280423,51.4018813971,137.3304195804,51.6300982633,81.7551546392,60.1955377543,10
72.3664772727,24.3672806987,138.2139093783,51.436391774,137.4491080797,51.9371015767,82.2200614125,60.8297428226,10
73.5654520918,26.4714363814,138.0651515152,51.1459912598,136.8630952381,52.0008213758,80.9706314244,59.9327255326,10
73.4618585298,26.5448407976,137.7803738318,50.3687652421,136.379204893,51.6844690232,80.4811463047,59.7783930952,10
73.1755162242,26.3158743205,138.3689482471,50.7368980668,136.1963993453,52.5391667802,81.0582524272,60.454694354,10
73.3455497382,27.9671204719,135.9921259843,50.2439710902,133.34416826,52.7856528126,79.1257142857,60.2081105572,10
74.923943662,33.384779634,137.0066225166,52.5563080805,132.11875,57.5874196195,83.9936908517,66.3610235692,10
72.9310344828,24.0429659001,147.0909090909,54.2993582556,150.7297297297,50.7189652937,98.3975903614,71.6994966894,10
77.8387096774,18.0859895414,168.76,42.9085352815,165.2083333333,42.5029206513,111.2142857143,71.7492444673,10
94.9734513274,36.1105015434,119.3015873016,58.8192824412,111.12,51.3963807378,64.9220430108,59.3342259941,11
94.8869047619,35.602956939,122.5950704225,58.3616829096,116.3184713376,52.1228996237,67.0394265233,60.5388161954,11
95.5,35.6783680393,125.1265306122,58.9820822862,116.9490909091,51.9938208662,68.5271966527,61.5261815625,11
92.5868725869,32.0411653276,125.1018518519,59.9508965452,123.0135135135,51.0586555235,69.9763033175,63.030380154,11
93.3615819209,32.4863168725,118.5,53.7189805678,120.5100671141,49.8209704169,66.4965034965,64.4393653441,11
91.2418300654,25.466375664,118.5354330709,55.7436194259,124.373015873,50.1975042267,66.4186046512,64.0613438658,11
89.8174603175,24.0958406454,113.1574074074,53.2755176274,118.9626168224,47.6656825618,58.5555555556,59.9927979217,11
82.9836065574,22.4904291508,108.9473684211,47.7384765383,107.2142857143,34.9094309227,50.0344827586,56.5846834147,11
84.1716171617,19.9412566271,204.1658767773,56.4415225758,210.2253521127,51.5143073749,153.3665338645,66.0140115178,11
87.8396946565,15.3044506793,205.3636363636,54.2581659907,209.03,52.359613253,143.5263157895,61.3709186696,11
86.8333333333,15.1028878769,199.2903225806,54.8418215436,201.40625,56.8681915568,138.2162162162,60.8036872705,11
